system:index,cloud_pct,date,mndwi,scl,sun_azimuth,sun_zenith,.geo
20260603T022529_20260603T023518_T51QUG,22.20042,2026-06-03 02:41,-0.0392222983418555,{2=6.976470588235293},92.103696645538,16.3433171617129,"{""type"":""MultiPoint"",""coordinates"":[]}"
20260618T022531_20260618T023522_T51QUG,38.395455,2026-06-18 02:41,-0.07945793808289545,{3=6.976470588235293},87.9861042593581,16.8719167561417,"{""type"":""MultiPoint"",""coordinates"":[]}"
20260620T023141_20260620T023137_T51QUG,19.863674,2026-06-20 02:41,-0.007034668446113981,"{2=6.9607843137254894, 5=0.01568627450980392}",87.8686090975949,16.9063712893781,"{""type"":""MultiPoint"",""coordinates"":[]}"
20260703T022529_20260703T023519_T51QUG,13.058354,2026-07-03 02:41,-0.11235116577386481,"{8=6.756862745098039, 9=0.2196078431372549}",89.1913744403749,17.6420271079151,"{""type"":""MultiPoint"",""coordinates"":[]}"
20260718T022531_20260718T023520_T51QUG,37.822807,2026-07-18 02:41,-0.032417847688540107,"{8=6.0549019607843135, 9=0.9215686274509803}",95.0858395305429,18.4241665257424,"{""type"":""MultiPoint"",""coordinates"":[]}"
20260723T022529_20260723T023519_T51QUG,33.689734,2026-07-23 02:41,-0.01458022513544631,"{2=2.7098039215686276, 3=4.266666666666667}",97.9269634688184,18.7191705388688,"{""type"":""MultiPoint"",""coordinates"":[]}"
20260802T022529_20260802T023522_T51QUG,38.383406,2026-08-02 02:41,-0.03835007307167828,"{10=0.023529411764705882, 5=6.9529411764705875}",104.6706268669,19.4106020394976,"{""type"":""MultiPoint"",""coordinates"":[]}"
20260817T022531_20260817T023520_T51QUG,24.262305,2026-08-17 02:41,-0.02593892756174407,{2=6.976470588235293},116.540993042233,20.9564722077374,"{""type"":""MultiPoint"",""coordinates"":[]}"
20260916T022531_20260916T023521_T51QUG,30.738133,2026-09-16 02:41,0.24072010587320197,{9=6.976470588235293},139.887640218767,26.7997059047203,"{""type"":""MultiPoint"",""coordinates"":[]}"
20260918T023131_20260918T023829_T51QUG,19.615522,2026-09-18 02:41,0.1075605412144007,{2=6.976470588235293},141.300492543996,27.2906749186941,"{""type"":""MultiPoint"",""coordinates"":[]}"
20260921T022549_20260921T023738_T51QUG,25.831559,2026-09-21 02:41,-0.0029163038999510194,"{8=0.30980392156862746, 9=6.666666666666666}",143.073406163531,28.1376504867344,"{""type"":""MultiPoint"",""coordinates"":[]}"
20260926T022531_20260926T023523_T51QUG,21.960653,2026-09-26 02:41,-0.07964606562235856,{2=6.976470588235293},145.997656575271,29.5501162490221,"{""type"":""MultiPoint"",""coordinates"":[]}"
